lnc_id	n_targets
rna-XR_002638603.1	101
rna-XR_002637932.1	85
rna-XR_002638054.1	82
rna-XR_002638018.1	81
rna-XR_002636171.1	79
rna-XR_002637566.1	74
rna-XR_002637599.1	72
rna-XR_002637781.1	71
rna-XR_002637013.1	70
rna-XR_002638437.1	70
rna-XR_002637631.1	69
rna-XR_002637632.1	69
rna-XR_002637630.1	69
rna-XR_002637627.1	69
rna-XR_002638510.1	68
rna-XR_002637629.1	67
rna-XR_002639955.1	67
rna-XR_002637986.1	63
rna-XR_002635604.1	60
rna-XR_002634672.1	58
rna-XR_002637234.1	57
rna-XR_002639821.1	56
rna-XR_002633644.1	56
rna-XR_002639960.1	56
rna-XR_002634039.1	55
rna-XR_002637642.1	55
rna-XR_002633653.1	55
rna-XR_002635624.1	55
rna-XR_002639932.1	54
rna-XR_002633777.1	54
rna-XR_002634501.1	54
rna-XR_002635042.1	53
rna-XR_002639012.1	53
rna-XR_002633811.1	52
rna-XR_002637929.1	52
rna-XR_002634637.1	51
rna-XR_002636572.1	50
rna-XR_002633930.1	50
rna-XR_002635220.1	50
rna-XR_002637799.1	49
rna-XR_002639515.1	49
rna-XR_002634961.1	49
rna-XR_002635969.1	49
rna-XR_002639154.1	49
rna-XR_002635451.1	49
rna-XR_002639161.1	49
rna-XR_002639289.1	49
rna-XR_002639952.1	48
rna-XR_002636102.1	48
rna-XR_002638772.1	48
rna-XR_002638965.1	48
rna-XR_002635072.1	48
rna-XR_002635213.1	48
rna-XR_002639354.1	48
rna-XR_002636741.1	47
rna-XR_002635323.1	47
rna-XR_002635603.1	47
rna-XR_002639912.1	47
rna-XR_002639231.1	47
rna-XR_002639492.1	47
rna-XR_002639172.1	47
rna-XR_002634392.1	47
rna-XR_002635109.1	47
rna-XR_002636155.1	47
rna-XR_002639493.1	47
rna-XR_002637967.1	47
rna-XR_002638681.1	46
rna-XR_002634532.1	46
rna-XR_002638682.1	46
rna-XR_002638947.1	46
rna-XR_002636184.1	46
rna-XR_002634584.1	46
rna-XR_002635053.1	46
rna-XR_002636189.1	46
rna-XR_002634447.1	46
rna-XR_002639596.1	46
rna-XR_002634829.1	46
rna-XR_002638948.1	46
rna-XR_002634585.1	46
rna-XR_002639637.1	45
rna-XR_002639080.1	45
rna-XR_002639081.1	45
rna-XR_002639806.1	45
rna-XR_002636303.1	45
rna-XR_002637887.1	45
rna-XR_002639293.1	45
rna-XR_002634972.1	45
rna-XR_002639078.1	45
rna-XR_002639554.1	45
rna-XR_002634126.1	45
rna-XR_002639696.1	45
rna-XR_002640025.1	45
rna-XR_002638514.1	45
rna-XR_002636900.1	45
rna-XR_002634606.1	45
rna-XR_002639079.1	45
rna-XR_002638482.1	45
rna-XR_002639082.1	45
rna-XR_002636025.1	45
rna-XR_002639930.1	45
rna-XR_002639359.1	44
rna-XR_002639394.1	44
rna-XR_002636808.1	44
rna-XR_002634042.1	44
rna-XR_002640016.1	44
rna-XR_002635589.1	44
rna-XR_002638961.1	44
rna-XR_002633791.1	44
rna-XR_002638369.1	44
rna-XR_002636224.1	44
rna-XR_002635188.1	44
rna-XR_002635588.1	44
rna-XR_002635004.1	43
rna-XR_002638285.1	43
rna-XR_002635787.1	43
rna-XR_002639089.1	43
rna-XR_002635006.1	43
rna-XR_002639308.1	43
rna-XR_002635107.1	43
rna-XR_002639531.1	43
rna-XR_002637286.1	43
rna-XR_002638601.1	43
rna-XR_002638703.1	43
rna-XR_002636761.1	43
rna-XR_002639868.1	43
rna-XR_002637496.1	43
rna-XR_002635005.1	43
rna-XR_002639343.1	43
rna-XR_002635473.1	43
rna-XR_002639006.1	43
rna-XR_002637827.1	42
rna-XR_002634603.1	42
rna-XR_002633705.1	42
rna-XR_002634476.1	42
rna-XR_002637436.1	42
rna-XR_002635283.1	42
rna-XR_002639668.1	42
rna-XR_002639708.1	42
rna-XR_002636327.1	42
rna-XR_002633715.1	42
rna-XR_002637249.1	42
rna-XR_002637655.1	42
rna-XR_002635282.1	42
rna-XR_002638073.1	42
rna-XR_002634496.1	42
rna-XR_002635284.1	42
rna-XR_002637381.1	42
rna-XR_002635998.1	42
rna-XR_002636304.1	42
rna-XR_002636176.1	42
rna-XR_002638718.1	42
rna-XR_002635393.1	42
rna-XR_002637701.1	41
rna-XR_002635839.1	41
rna-XR_002638201.1	41
rna-XR_002634827.1	41
rna-XR_002636597.1	41
rna-XR_002633783.1	41
rna-XR_002633800.1	41
rna-XR_002634647.1	41
rna-XR_002633838.1	41
rna-XR_002639102.1	41
rna-XR_002637753.1	41
rna-XR_002636312.1	41
rna-XR_002634056.1	41
rna-XR_002638308.1	41
rna-XR_002636623.1	41
rna-XR_002638447.1	41
rna-XR_002634071.1	41
rna-XR_002638636.1	41
rna-XR_002637704.1	41
rna-XR_002637396.1	41
rna-XR_002635080.1	41
rna-XR_002635850.1	41
rna-XR_002636328.1	41
rna-XR_002639859.1	41
rna-XR_002634859.1	41
rna-XR_002640036.1	41
rna-XR_002637845.1	41
rna-XR_002633843.1	41
rna-XR_002639946.1	40
rna-XR_002634974.1	40
rna-XR_002639448.1	40
rna-XR_002636704.1	40
rna-XR_002638967.1	40
rna-XR_002638610.1	40
rna-XR_002634313.1	40
rna-XR_002636136.1	40
rna-XR_002634663.1	40
rna-XR_002634074.1	40
rna-XR_002635467.1	40
rna-XR_002633972.1	40
rna-XR_002634375.1	40
rna-XR_002638687.1	40
rna-XR_002634790.1	40
rna-XR_002639556.1	40
rna-XR_002634113.1	40
rna-XR_002634374.1	40
rna-XR_002638031.1	40
rna-XR_002637450.1	40
rna-XR_002639336.1	40
rna-XR_002634373.1	40
rna-XR_002634115.1	40
rna-XR_002634110.1	40
rna-XR_002637272.1	40
rna-XR_002635979.1	40
rna-XR_002637006.1	40
rna-XR_002636872.1	40
rna-XR_002634328.1	40
rna-XR_002634116.1	40
rna-XR_002635862.1	40
rna-XR_002634529.1	40
rna-XR_002635485.1	40
rna-XR_002634923.1	39
rna-XR_002637626.1	39
rna-XR_002635825.1	39
rna-XR_002633971.1	39
rna-XR_002639088.1	39
rna-XR_002634534.1	39
rna-XR_002634571.1	39
rna-XR_002636874.1	39
rna-XR_002636008.1	39
rna-XR_002638667.1	39
rna-XR_002633775.1	39
rna-XR_002634572.1	39
rna-XR_002634381.1	39
rna-XR_002636012.1	39
rna-XR_002639377.1	39
rna-XR_002639482.1	39
rna-XR_002635021.1	39
rna-XR_002636836.1	39
rna-XR_002639529.1	39
rna-XR_002634898.1	39
rna-XR_002637625.1	39
rna-XR_002636766.1	39
rna-XR_002635689.1	39
rna-XR_002633841.1	39
rna-XR_002637653.1	39
rna-XR_002635055.1	39
rna-XR_002639075.1	39
rna-XR_002634793.1	39
rna-XR_002634570.1	39
rna-XR_002634319.1	39
rna-XR_002633774.1	39
rna-XR_002638971.1	39
rna-XR_002635869.1	39
rna-XR_002635784.1	39
rna-XR_002638741.1	39
rna-XR_002635275.1	39
rna-XR_002637069.1	39
rna-XR_002637177.1	39
rna-XR_002637002.1	39
rna-XR_002636939.1	39
rna-XR_002638587.1	39
rna-XR_002639929.1	38
rna-XR_002633621.1	38
rna-XR_002636412.1	38
rna-XR_002636929.1	38
rna-XR_002637109.1	38
rna-XR_002638135.1	38
rna-XR_002639885.1	38
rna-XR_002635374.1	38
rna-XR_002633772.1	38
rna-XR_002633969.1	38
rna-XR_002637494.1	38
rna-XR_002635345.1	38
rna-XR_002638884.1	38
rna-XR_002633773.1	38
rna-XR_002638570.1	38
rna-XR_002639331.1	38
rna-XR_002639127.1	38
rna-XR_002635750.1	38
rna-XR_002638883.1	38
rna-XR_002637902.1	38
rna-XR_002634047.1	38
rna-XR_002637721.1	38
rna-XR_002635040.1	38
rna-XR_002636626.1	38
rna-XR_002639876.1	38
rna-XR_002633626.1	38
rna-XR_002634928.1	38
rna-XR_002635894.1	38
rna-XR_002639126.1	38
rna-XR_002634524.1	38
rna-XR_002639438.1	38
rna-XR_002633770.1	37
rna-XR_002638289.1	37
rna-XR_002633694.1	37
rna-XR_002635031.1	37
rna-XR_002637838.1	37
rna-XR_002634878.1	37
rna-XR_002636527.1	37
rna-XR_002634837.1	37
rna-XR_002638677.1	37
rna-XR_002634881.1	37
rna-XR_002635151.1	37
rna-XR_002639048.1	37
rna-XR_002633997.1	37
rna-XR_002635799.1	37
rna-XR_002635152.1	37
rna-XR_002634879.1	37
rna-XR_002639066.1	37
rna-XR_002634139.1	37
rna-XR_002635190.1	37
rna-XR_002639845.1	37
rna-XR_002634882.1	37
rna-XR_002638600.1	37
rna-XR_002635845.1	37
rna-XR_002637628.1	37
rna-XR_002639940.1	37
rna-XR_002635849.1	37
rna-XR_002634383.1	37
rna-XR_002638721.1	37
rna-XR_002634880.1	37
rna-XR_002638586.1	37
rna-XR_002634382.1	37
rna-XR_002635402.1	37
rna-XR_002636663.1	36
rna-XR_002635344.1	36
rna-XR_002638059.1	36
rna-XR_002639633.1	36
rna-XR_002634686.1	36
rna-XR_002636854.1	36
rna-XR_002638538.1	36
rna-XR_002637935.1	36
rna-XR_002637936.1	36
rna-XR_002639985.1	36
rna-XR_002634038.1	36
rna-XR_002633751.1	36
rna-XR_002639990.1	36
rna-XR_002639396.1	36
rna-XR_002634031.1	36
rna-XR_002638063.1	36
rna-XR_002635818.1	36
rna-XR_002634621.1	36
rna-XR_002634622.1	36
rna-XR_002638537.1	36
rna-XR_002634462.1	36
rna-XR_002637939.1	36
rna-XR_002637938.1	36
rna-XR_002639673.1	36
rna-XR_002638745.1	36
rna-XR_002639991.1	36
rna-XR_002634748.1	36
rna-XR_002638891.1	36
rna-XR_002638607.1	36
rna-XR_002637940.1	36
rna-XR_002635519.1	36
rna-XR_002634027.1	36
rna-XR_002639009.1	35
rna-XR_002634789.1	35
rna-XR_002635431.1	35
rna-XR_002638743.1	35
rna-XR_002639065.1	35
rna-XR_002635432.1	35
rna-XR_002639316.1	35
rna-XR_002639064.1	35
rna-XR_002634598.1	35
rna-XR_002637841.1	35
rna-XR_002637848.1	35
rna-XR_002633749.1	35
rna-XR_002638057.1	35
rna-XR_002635154.1	35
rna-XR_002636274.1	35
rna-XR_002634539.1	35
rna-XR_002638956.1	35
rna-XR_002638471.1	35
rna-XR_002633839.1	35
rna-XR_002638954.1	35
rna-XR_002639889.1	35
rna-XR_002638869.1	35
rna-XR_002635861.1	35
rna-XR_002633778.1	35
rna-XR_002635992.1	35
rna-XR_002633648.1	35
rna-XR_002638493.1	35
rna-XR_002636146.1	35
rna-XR_002633779.1	35
rna-XR_002635433.1	35
rna-XR_002639157.1	35
rna-XR_002633731.1	35
rna-XR_002635793.1	35
rna-XR_002635788.1	35
rna-XR_002635343.1	35
rna-XR_002635226.1	34
rna-XR_002638150.1	34
rna-XR_002638915.1	34
rna-XR_002633831.1	34
rna-XR_002638321.1	34
rna-XR_002637114.1	34
rna-XR_002639087.1	34
rna-XR_002639765.1	34
rna-XR_002637475.1	34
rna-XR_002634508.1	34
rna-XR_002638268.1	34
rna-XR_002638561.1	34
rna-XR_002637865.1	34
rna-XR_002636554.1	34
rna-XR_002635465.1	34
rna-XR_002638269.1	34
rna-XR_002638318.1	34
rna-XR_002636290.1	34
rna-XR_002639730.1	34
rna-XR_002638978.1	34
rna-XR_002638353.1	34
rna-XR_002639096.1	34
rna-XR_002639245.1	34
rna-XR_002634296.1	34
rna-XR_002637064.1	34
rna-XR_002634511.1	34
rna-XR_002637115.1	34
rna-XR_002637776.1	34
rna-XR_002637168.1	34
rna-XR_002636288.1	34
rna-XR_002639674.1	34
rna-XR_002636763.1	34
rna-XR_002638979.1	34
rna-XR_002638320.1	34
rna-XR_002638551.1	34
rna-XR_002639659.1	34
rna-XR_002634070.1	34
rna-XR_002637186.1	34
rna-XR_002637242.1	34
rna-XR_002636140.1	34
rna-XR_002638794.1	34
rna-XR_002636322.1	33
rna-XR_002639442.1	33
rna-XR_002638966.1	33
rna-XR_002639422.1	33
rna-XR_002635930.1	33
rna-XR_002640004.1	33
rna-XR_002639471.1	33
rna-XR_002639337.1	33
rna-XR_002637003.1	33
rna-XR_002638719.1	33
rna-XR_002633665.1	33
rna-XR_002635615.1	33
rna-XR_002637483.1	33
rna-XR_002634935.1	33
rna-XR_002637891.1	33
rna-XR_002636323.1	33
rna-XR_002634954.1	33
rna-XR_002633757.1	33
rna-XR_002636714.1	33
rna-XR_002639364.1	33
rna-XR_002638943.1	33
rna-XR_002635385.1	33
rna-XR_002638287.1	33
rna-XR_002636414.1	33
rna-XR_002635950.1	33
rna-XR_002635931.1	33
rna-XR_002635932.1	33
rna-XR_002639701.1	33
rna-XR_002637571.1	33
rna-XR_002635975.1	33
rna-XR_002635073.1	33
rna-XR_002635503.1	33
rna-XR_002634358.1	33
rna-XR_002636713.1	33
rna-XR_002639488.1	33
rna-XR_002637592.1	33
rna-XR_002638011.1	33
rna-XR_002635147.1	33
rna-XR_002639436.1	33
rna-XR_002639106.1	33
rna-XR_002634916.1	33
rna-XR_002639099.1	33
rna-XR_002637892.1	33
rna-XR_002639646.1	32
rna-XR_002639326.1	32
rna-XR_002633805.1	32
rna-XR_002638851.1	32
rna-XR_002634129.1	32
rna-XR_002638849.1	32
rna-XR_002639423.1	32
rna-XR_002636687.1	32
rna-XR_002639366.1	32
rna-XR_002634167.1	32
rna-XR_002637050.1	32
rna-XR_002639799.1	32
rna-XR_002638513.1	32
rna-XR_002637116.1	32
rna-XR_002633804.1	32
rna-XR_002634969.1	32
rna-XR_002634169.1	32
rna-XR_002637739.1	32
rna-XR_002639887.1	32
rna-XR_002638850.1	32
rna-XR_002635371.1	32
rna-XR_002638716.1	32
rna-XR_002635046.1	32
rna-XR_002638552.1	32
rna-XR_002638847.1	32
rna-XR_002638098.1	32
rna-XR_002633828.1	32
rna-XR_002636620.1	32
rna-XR_002638400.1	32
rna-XR_002635238.1	32
rna-XR_002638848.1	32
rna-XR_002634596.1	32
rna-XR_002636191.1	32
rna-XR_002638982.1	32
rna-XR_002634085.1	31
rna-XR_002635493.1	31
rna-XR_002638606.1	31
rna-XR_002634521.1	31
rna-XR_002638286.1	31
rna-XR_002634491.1	31
rna-XR_002635167.1	31
rna-XR_002635162.1	31
rna-XR_002636756.1	31
rna-XR_002636183.1	31
rna-XR_002636755.1	31
rna-XR_002634291.1	31
rna-XR_002634669.1	31
rna-XR_002635444.1	31
rna-XR_002637282.1	31
rna-XR_002636601.1	31
rna-XR_002636190.1	31
rna-XR_002634336.1	31
rna-XR_002637951.1	31
rna-XR_002634084.1	31
rna-XR_002636296.1	31
rna-XR_002636909.1	31
rna-XR_002636473.1	31
rna-XR_002637440.1	31
rna-XR_002638659.1	31
rna-XR_002637046.1	31
rna-XR_002634836.1	31
rna-XR_002634868.1	31
rna-XR_002636998.1	31
rna-XR_002637516.1	31
rna-XR_002639805.1	31
rna-XR_002637743.1	31
rna-XR_002636757.1	31
rna-XR_002635034.1	30
rna-XR_002633919.1	30
rna-XR_002633762.1	30
rna-XR_002634390.1	30
rna-XR_002633781.1	30
rna-XR_002638461.1	30
rna-XR_002639094.1	30
rna-XR_002636692.1	30
rna-XR_002636121.1	30
rna-XR_002637090.1	30
rna-XR_002635553.1	30
rna-XR_002637517.1	30
rna-XR_002637149.1	30
rna-XR_002636718.1	30
rna-XR_002637831.1	30
rna-XR_002639375.1	30
rna-XR_002634029.1	30
rna-XR_002636991.1	30
rna-XR_002635637.1	30
rna-XR_002636321.1	30
rna-XR_002633642.1	30
rna-XR_002635013.1	30
rna-XR_002635305.1	30
rna-XR_002635716.1	30
rna-XR_002637548.1	30
rna-XR_002638213.1	30
rna-XR_002638583.1	30
rna-XR_002636197.1	30
rna-XR_002633701.1	30
rna-XR_002638705.1	30
rna-XR_002634602.1	30
rna-XR_002634083.1	30
rna-XR_002639961.1	30
rna-XR_002635437.1	30
rna-XR_002638946.1	30
rna-XR_002639389.1	30
rna-XR_002635841.1	30
rna-XR_002634601.1	30
rna-XR_002633946.1	30
rna-XR_002633827.1	30
rna-XR_002635336.1	30
rna-XR_002637508.1	29
rna-XR_002639137.1	29
rna-XR_002639875.1	29
rna-XR_002634500.1	29
rna-XR_002638533.1	29
rna-XR_002637847.1	29
rna-XR_002638827.1	29
rna-XR_002639524.1	29
rna-XR_002639447.1	29
rna-XR_002639787.1	29
rna-XR_002633907.1	29
rna-XR_002635003.1	29
rna-XR_002633633.1	29
rna-XR_002637693.1	29
rna-XR_002639761.1	29
rna-XR_002638922.1	29
rna-XR_002636917.1	29
rna-XR_002637644.1	29
rna-XR_002636715.1	29
rna-XR_002639846.1	29
rna-XR_002636300.1	29
rna-XR_002634646.1	29
rna-XR_002637931.1	29
rna-XR_002639972.1	29
rna-XR_002637360.1	29
rna-XR_002634796.1	29
rna-XR_002639695.1	29
rna-XR_002638529.1	29
rna-XR_002639836.1	29
rna-XR_002635899.1	29
rna-XR_002638973.1	29
rna-XR_002636772.1	29
rna-XR_002639642.1	29
rna-XR_002636794.1	29
rna-XR_002636807.1	29
rna-XR_002634799.1	29
rna-XR_002637428.1	29
rna-XR_002638888.1	29
rna-XR_002636648.1	29
rna-XR_002638596.1	29
rna-XR_002638679.1	29
rna-XR_002633978.1	28
rna-XR_002636472.1	28
rna-XR_002635867.1	28
rna-XR_002636417.1	28
rna-XR_002635677.1	28
rna-XR_002639301.1	28
rna-XR_002636415.1	28
rna-XR_002634792.1	28
rna-XR_002636823.1	28
rna-XR_002634600.1	28
rna-XR_002637673.1	28
rna-XR_002639982.1	28
rna-XR_002639197.1	28
rna-XR_002635676.1	28
rna-XR_002635439.1	28
rna-XR_002637024.1	28
rna-XR_002635164.1	28
rna-XR_002639939.1	28
rna-XR_002635472.1	28
rna-XR_002637426.1	28
rna-XR_002635675.1	28
rna-XR_002635860.1	28
rna-XR_002635266.1	28
rna-XR_002634681.1	28
rna-XR_002634209.1	28
rna-XR_002635674.1	28
rna-XR_002637120.1	28
rna-XR_002633789.1	28
rna-XR_002636848.1	28
rna-XR_002633676.1	28
rna-XR_002637683.1	28
rna-XR_002637300.1	28
rna-XR_002639861.1	28
rna-XR_002636805.1	28
rna-XR_002639962.1	28
rna-XR_002636694.1	28
rna-XR_002639945.1	27
rna-XR_002634625.1	27
rna-XR_002635173.1	27
rna-XR_002635765.1	27
rna-XR_002634365.1	27
rna-XR_002638581.1	27
rna-XR_002634760.1	27
rna-XR_002637397.1	27
rna-XR_002636090.1	27
rna-XR_002639022.1	27
rna-XR_002639226.1	27
rna-XR_002638808.1	27
rna-XR_002638067.1	27
rna-XR_002637201.1	27
rna-XR_002635831.1	27
rna-XR_002635237.1	27
rna-XR_002634268.1	27
rna-XR_002633788.1	27
rna-XR_002635876.1	27
rna-XR_002636374.1	27
rna-XR_002634473.1	27
rna-XR_002639833.1	27
rna-XR_002638224.1	27
rna-XR_002638262.1	27
rna-XR_002638605.1	27
rna-XR_002634765.1	27
rna-XR_002637162.1	27
rna-XR_002635490.1	27
rna-XR_002634697.1	27
rna-XR_002634498.1	27
rna-XR_002636530.1	27
rna-XR_002636073.1	27
rna-XR_002637912.1	27
rna-XR_002637180.1	27
rna-XR_002636096.1	27
rna-XR_002635530.1	27
rna-XR_002635939.1	27
rna-XR_002634750.1	27
rna-XR_002637235.1	27
rna-XR_002635435.1	26
rna-XR_002638521.1	26
rna-XR_002637510.1	26
rna-XR_002634766.1	26
rna-XR_002634658.1	26
rna-XR_002634067.1	26
rna-XR_002636430.1	26
rna-XR_002635737.1	26
rna-XR_002634754.1	26
rna-XR_002633912.1	26
rna-XR_002638653.1	26
rna-XR_002636042.1	26
rna-XR_002637363.1	26
rna-XR_002634068.1	26
rna-XR_002634762.1	26
rna-XR_002637569.1	26
rna-XR_002636928.1	26
rna-XR_002635910.1	26
rna-XR_002637948.1	26
rna-XR_002637568.1	26
rna-XR_002637296.1	26
rna-XR_002638457.1	26
rna-XR_002634768.1	26
rna-XR_002638065.1	26
rna-XR_002637353.1	26
rna-XR_002634616.1	26
rna-XR_002635527.1	26
rna-XR_002634900.1	26
rna-XR_002637156.1	26
rna-XR_002635436.1	26
rna-XR_002638053.1	26
rna-XR_002636027.1	26
rna-XR_002634066.1	26
rna-XR_002639338.1	26
rna-XR_002634752.1	26
rna-XR_002635868.1	26
rna-XR_002635542.1	26
rna-XR_002634069.1	26
rna-XR_002634845.1	26
rna-XR_002638120.1	26
rna-XR_002636585.1	26
rna-XR_002639487.1	25
rna-XR_002635355.1	25
rna-XR_002634044.1	25
rna-XR_002637464.1	25
rna-XR_002636916.1	25
rna-XR_002636616.1	25
rna-XR_002637191.1	25
rna-XR_002634764.1	25
rna-XR_002636662.1	25
rna-XR_002634490.1	25
rna-XR_002634614.1	25
rna-XR_002636867.1	25
rna-XR_002636868.1	25
rna-XR_002634543.1	25
rna-XR_002638806.1	25
rna-XR_002637596.1	25
rna-XR_002637576.1	25
rna-XR_002634652.1	25
rna-XR_002634654.1	25
rna-XR_002633618.1	25
rna-XR_002634520.1	25
rna-XR_002637649.1	25
rna-XR_002637334.1	25
rna-XR_002638839.1	25
rna-XR_002639986.1	25
rna-XR_002639160.1	25
rna-XR_002639721.1	25
rna-XR_002635413.1	25
rna-XR_002637049.1	25
rna-XR_002634922.1	25
rna-XR_002637465.1	25
rna-XR_002636624.1	25
rna-XR_002638913.1	25
rna-XR_002635242.1	25
rna-XR_002638487.1	25
rna-XR_002634738.1	25
rna-XR_002638767.1	25
rna-XR_002636391.1	25
rna-XR_002637793.1	25
rna-XR_002638315.1	24
rna-XR_002639528.1	24
rna-XR_002633624.1	24
rna-XR_002638861.1	24
rna-XR_002633664.1	24
rna-XR_002635828.1	24
rna-XR_002633976.1	24
rna-XR_002634986.1	24
rna-XR_002634049.1	24
rna-XR_002636120.1	24
rna-XR_002639107.1	24
rna-XR_002634087.1	24
rna-XR_002638358.1	24
rna-XR_002634322.1	24
rna-XR_002637103.1	24
rna-XR_002640009.1	24
rna-XR_002634032.1	24
rna-XR_002634424.1	24
rna-XR_002634377.1	24
rna-XR_002636145.1	24
rna-XR_002637507.1	24
rna-XR_002635216.1	24
rna-XR_002635317.1	24
rna-XR_002635959.1	24
rna-XR_002638251.1	24
rna-XR_002634912.1	24
rna-XR_002638068.1	24
rna-XR_002638798.1	24
rna-XR_002639480.1	24
rna-XR_002639352.1	24
rna-XR_002639437.1	24
rna-XR_002633675.1	23
rna-XR_002633893.1	23
rna-XR_002638553.1	23
rna-XR_002638105.1	23
rna-XR_002635804.1	23
rna-XR_002637662.1	23
rna-XR_002635984.1	23
rna-XR_002634505.1	23
rna-XR_002634210.1	23
rna-XR_002639980.1	23
rna-XR_002634628.1	23
rna-XR_002635609.1	23
rna-XR_002636742.1	23
rna-XR_002635014.1	23
rna-XR_002635856.1	23
rna-XR_002635893.1	23
rna-XR_002636870.1	23
rna-XR_002636833.1	23
rna-XR_002635489.1	23
rna-XR_002638071.1	23
rna-XR_002637764.1	23
rna-XR_002636516.1	23
rna-XR_002636553.1	23
rna-XR_002637216.1	23
rna-XR_002639981.1	23
rna-XR_002638108.1	23
rna-XR_002633760.1	23
rna-XR_002636850.1	23
rna-XR_002638210.1	23
rna-XR_002636700.1	23
rna-XR_002639144.1	23
rna-XR_002637503.1	23
rna-XR_002637915.1	23
rna-XR_002635926.1	23
rna-XR_002636698.1	23
rna-XR_002638153.1	23
rna-XR_002634338.1	23
rna-XR_002636492.1	23
rna-XR_002637647.1	23
rna-XR_002637480.1	23
rna-XR_002638518.1	23
rna-XR_002636699.1	23
rna-XR_002635062.1	22
rna-XR_002636464.1	22
rna-XR_002639203.1	22
rna-XR_002637866.1	22
rna-XR_002639891.1	22
rna-XR_002633650.1	22
rna-XR_002636465.1	22
rna-XR_002638820.1	22
rna-XR_002635632.1	22
rna-XR_002634269.1	22
rna-XR_002639544.1	22
rna-XR_002634270.1	22
rna-XR_002634597.1	22
rna-XR_002637357.1	22
rna-XR_002635851.1	22
rna-XR_002637493.1	22
rna-XR_002634054.1	22
rna-XR_002636111.1	22
rna-XR_002636505.1	22
rna-XR_002634271.1	22
rna-XR_002636446.1	22
rna-XR_002638620.1	22
rna-XR_002638589.1	22
rna-XR_002637555.1	22
rna-XR_002639138.1	22
rna-XR_002635912.1	22
rna-XR_002638588.1	22
rna-XR_002635866.1	22
rna-XR_002636029.1	22
rna-XR_002633628.1	22
rna-XR_002637385.1	22
rna-XR_002639351.1	22
rna-XR_002634376.1	22
rna-XR_002636182.1	22
rna-XR_002636093.1	22
rna-XR_002636283.1	22
rna-XR_002635791.1	22
rna-XR_002637694.1	21
rna-XR_002635316.1	21
rna-XR_002637054.1	21
rna-XR_002634992.1	21
rna-XR_002636899.1	21
rna-XR_002634380.1	21
rna-XR_002634064.1	21
rna-XR_002639583.1	21
rna-XR_002635809.1	21
rna-XR_002635232.1	21
rna-XR_002638567.1	21
rna-XR_002633894.1	21
rna-XR_002634973.1	21
rna-XR_002636206.1	21
rna-XR_002635958.1	21
rna-XR_002639582.1	21
rna-XR_002636180.1	21
rna-XR_002636593.1	21
rna-XR_002638219.1	21
rna-XR_002637581.1	21
rna-XR_002637914.1	21
rna-XR_002636272.1	21
rna-XR_002635180.1	21
rna-XR_002638619.1	21
rna-XR_002633724.1	21
rna-XR_002639958.1	21
rna-XR_002638720.1	21
rna-XR_002639854.1	21
rna-XR_002639175.1	21
rna-XR_002635857.1	21
rna-XR_002635666.1	21
rna-XR_002634481.1	21
rna-XR_002634940.1	21
rna-XR_002634531.1	21
rna-XR_002636592.1	21
rna-XR_002633940.1	21
rna-XR_002634407.1	21
rna-XR_002639580.1	21
rna-XR_002637053.1	21
rna-XR_002637165.1	21
rna-XR_002636075.1	21
rna-XR_002639581.1	21
rna-XR_002636011.1	21
rna-XR_002634227.1	21
rna-XR_002638058.1	20
rna-XR_002634770.1	20
rna-XR_002634623.1	20
rna-XR_002636831.1	20
rna-XR_002634253.1	20
rna-XR_002636221.1	20
rna-XR_002636908.1	20
rna-XR_002637471.1	20
rna-XR_002637949.1	20
rna-XR_002637141.1	20
rna-XR_002636500.1	20
rna-XR_002635179.1	20
rna-XR_002635035.1	20
rna-XR_002640011.1	20
rna-XR_002637615.1	20
rna-XR_002639296.1	20
rna-XR_002633806.1	20
rna-XR_002640008.1	20
rna-XR_002635602.1	20
rna-XR_002637871.1	20
rna-XR_002639090.1	20
rna-XR_002636501.1	20
rna-XR_002639365.1	20
rna-XR_002638491.1	20
rna-XR_002638625.1	20
rna-XR_002634690.1	20
rna-XR_002634966.1	20
rna-XR_002636409.1	20
rna-XR_002635924.1	20
rna-XR_002636502.1	20
rna-XR_002635438.1	20
rna-XR_002640021.1	20
rna-XR_002638630.1	20
rna-XR_002638579.1	20
rna-XR_002638558.1	20
rna-XR_002639222.1	20
rna-XR_002635531.1	20
rna-XR_002639373.1	20
rna-XR_002634304.1	20
rna-XR_002634977.1	20
rna-XR_002635575.1	20
rna-XR_002635017.1	19
rna-XR_002634925.1	19
rna-XR_002634980.1	19
rna-XR_002638912.1	19
rna-XR_002636013.1	19
rna-XR_002634926.1	19
rna-XR_002637481.1	19
rna-XR_002635018.1	19
rna-XR_002633668.1	19
rna-XR_002636181.1	19
rna-XR_002639675.1	19
rna-XR_002637390.1	19
rna-XR_002634477.1	19
rna-XR_002634698.1	19
rna-XR_002639712.1	19
rna-XR_002637466.1	19
rna-XR_002635206.1	19
rna-XR_002637699.1	19
rna-XR_002637624.1	19
rna-XR_002638713.1	19
rna-XR_002639261.1	19
rna-XR_002638626.1	19
rna-XR_002638149.1	19
rna-XR_002635159.1	19
rna-XR_002638473.1	19
rna-XR_002637394.1	19
rna-XR_002638584.1	19
rna-XR_002638892.1	19
rna-XR_002637213.1	19
rna-XR_002634145.1	19
rna-XR_002638714.1	19
rna-XR_002638294.1	19
rna-XR_002638740.1	19
rna-XR_002633708.1	19
rna-XR_002636551.1	19
rna-XR_002638390.1	19
rna-XR_002639169.1	19
rna-XR_002635228.1	19
rna-XR_002638070.1	19
rna-XR_002635229.1	19
rna-XR_002635815.1	19
rna-XR_002634689.1	19
rna-XR_002638081.1	19
rna-XR_002636947.1	19
rna-XR_002633707.1	19
rna-XR_002635409.1	19
rna-XR_002636574.1	19
rna-XR_002635733.1	19
rna-XR_002639074.1	19
rna-XR_002639061.1	19
rna-XR_002639071.1	19
rna-XR_002634786.1	19
rna-XR_002634855.1	19
rna-XR_002634063.1	18
rna-XR_002636351.1	18
rna-XR_002636125.1	18
rna-XR_002635758.1	18
rna-XR_002633634.1	18
rna-XR_002636350.1	18
rna-XR_002637661.1	18
rna-XR_002636810.1	18
rna-XR_002636897.1	18
rna-XR_002639250.1	18
rna-XR_002635522.1	18
rna-XR_002639606.1	18
rna-XR_002636717.1	18
rna-XR_002638049.1	18
rna-XR_002639877.1	18
rna-XR_002635022.1	18
rna-XR_002634332.1	18
rna-XR_002634135.1	18
rna-XR_002637660.1	18
rna-XR_002634872.1	18
rna-XR_002638991.1	18
rna-XR_002634619.1	18
rna-XR_002634088.1	18
rna-XR_002638602.1	18
rna-XR_002635778.1	18
rna-XR_002635779.1	18
rna-XR_002640037.1	18
rna-XR_002636177.1	18
rna-XR_002634330.1	18
rna-XR_002639199.1	18
rna-XR_002638037.1	18
rna-XR_002636178.1	18
rna-XR_002635996.1	18
rna-XR_002639434.1	18
rna-XR_002639182.1	18
rna-XR_002638729.1	18
rna-XR_002637453.1	18
rna-XR_002638776.1	18
rna-XR_002636138.1	18
rna-XR_002633654.1	18
rna-XR_002633691.1	17
rna-XR_002638009.1	17
rna-XR_002638474.1	17
rna-XR_002634715.1	17
rna-XR_002638717.1	17
rna-XR_002638206.1	17
rna-XR_002634159.1	17
rna-XR_002638205.1	17
rna-XR_002635092.1	17
rna-XR_002635095.1	17
rna-XR_002638856.1	17
rna-XR_002633630.1	17
rna-XR_002637351.1	17
rna-XR_002638245.1	17
rna-XR_002636444.1	17
rna-XR_002636112.1	17
rna-XR_002638944.1	17
rna-XR_002639084.1	17
rna-XR_002637142.1	17
rna-XR_002635197.1	17
rna-XR_002638272.1	17
rna-XR_002638204.1	17
rna-XR_002639003.1	17
rna-XR_002635067.1	17
rna-XR_002638855.1	17
rna-XR_002638203.1	17
rna-XR_002637995.1	17
rna-XR_002635030.1	17
rna-XR_002633717.1	17
rna-XR_002638545.1	17
rna-XR_002634281.1	17
rna-XR_002638277.1	17
rna-XR_002638202.1	17
rna-XR_002638270.1	17
rna-XR_002635208.1	17
rna-XR_002636225.1	17
rna-XR_002633714.1	17
rna-XR_002633652.1	17
rna-XR_002634558.1	17
rna-XR_002638840.1	17
rna-XR_002639979.1	17
rna-XR_002635763.1	16
rna-XR_002634221.1	16
rna-XR_002637118.1	16
rna-XR_002637052.1	16
rna-XR_002635399.1	16
rna-XR_002638388.1	16
rna-XR_002638685.1	16
rna-XR_002633803.1	16
rna-XR_002637813.1	16
rna-XR_002637417.1	16
rna-XR_002639444.1	16
rna-XR_002638225.1	16
rna-XR_002639774.1	16
rna-XR_002636117.1	16
rna-XR_002635764.1	16
rna-XR_002635904.1	16
rna-XR_002639395.1	16
rna-XR_002636906.1	16
rna-XR_002634172.1	16
rna-XR_002634913.1	16
rna-XR_002635705.1	16
rna-XR_002635026.1	16
rna-XR_002638592.1	16
rna-XR_002639793.1	16
rna-XR_002639636.1	16
rna-XR_002635203.1	16
rna-XR_002639427.1	16
rna-XR_002636175.1	16
rna-XR_002637773.1	16
rna-XR_002636295.1	16
rna-XR_002635140.1	16
rna-XR_002637309.1	16
rna-XR_002636882.1	16
rna-XR_002636722.1	16
rna-XR_002636951.1	16
rna-XR_002636324.1	16
rna-XR_002636534.1	16
rna-XR_002636557.1	16
rna-XR_002634984.1	16
rna-XR_002636952.1	16
rna-XR_002639776.1	16
rna-XR_002635906.1	16
rna-XR_002636326.1	16
rna-XR_002638446.1	16
rna-XR_002639568.1	16
rna-XR_002638117.1	16
rna-XR_002639225.1	15
rna-XR_002639662.1	15
rna-XR_002635635.1	15
rna-XR_002638754.1	15
rna-XR_002639122.1	15
rna-XR_002634099.1	15
rna-XR_002639098.1	15
rna-XR_002638730.1	15
rna-XR_002639069.1	15
rna-XR_002638152.1	15
rna-XR_002639284.1	15
rna-XR_002638986.1	15
rna-XR_002635194.1	15
rna-XR_002638528.1	15
rna-XR_002636520.1	15
rna-XR_002635626.1	15
rna-XR_002635895.1	15
rna-XR_002637422.1	15
rna-XR_002638007.1	15
rna-XR_002637442.1	15
rna-XR_002635165.1	15
rna-XR_002638768.1	15
rna-XR_002639171.1	15
rna-XR_002638257.1	15
rna-XR_002636497.1	15
rna-XR_002634736.1	15
rna-XR_002639870.1	15
rna-XR_002639358.1	15
rna-XR_002639285.1	15
rna-XR_002638640.1	15
rna-XR_002635193.1	15
rna-XR_002636154.1	15
rna-XR_002635400.1	15
rna-XR_002635977.1	15
rna-XR_002634298.1	15
rna-XR_002636697.1	15
rna-XR_002633994.1	15
rna-XR_002635872.1	15
rna-XR_002635859.1	15
rna-XR_002637564.1	15
rna-XR_002635096.1	15
rna-XR_002638267.1	15
rna-XR_002635221.1	15
rna-XR_002639453.1	15
rna-XR_002639246.1	15
rna-XR_002634078.1	15
rna-XR_002636696.1	15
rna-XR_002634333.1	15
rna-XR_002635128.1	15
rna-XR_002638541.1	15
rna-XR_002634254.1	15
rna-XR_002636923.1	14
rna-XR_002636989.1	14
rna-XR_002636234.1	14
rna-XR_002637482.1	14
rna-XR_002636320.1	14
rna-XR_002639729.1	14
rna-XR_002636174.1	14
rna-XR_002633942.1	14
rna-XR_002636381.1	14
rna-XR_002635806.1	14
rna-XR_002634092.1	14
rna-XR_002638615.1	14
rna-XR_002635621.1	14
rna-XR_002639327.1	14
rna-XR_002634091.1	14
rna-XR_002636610.1	14
rna-XR_002637183.1	14
rna-XR_002636965.1	14
rna-XR_002639663.1	14
rna-XR_002637019.1	14
rna-XR_002639452.1	14
rna-XR_002633733.1	14
rna-XR_002633968.1	14
rna-XR_002639243.1	14
rna-XR_002635994.1	14
rna-XR_002635548.1	14
rna-XR_002637104.1	14
rna-XR_002636997.1	14
rna-XR_002639382.1	14
rna-XR_002635934.1	14
rna-XR_002639204.1	14
rna-XR_002635620.1	14
rna-XR_002639628.1	14
rna-XR_002634093.1	14
rna-XR_002634771.1	14
rna-XR_002637842.1	14
rna-XR_002637870.1	14
rna-XR_002636133.1	14
rna-XR_002637100.1	14
rna-XR_002639007.1	14
rna-XR_002635601.1	14
rna-XR_002638539.1	14
rna-XR_002633842.1	14
rna-XR_002636843.1	14
rna-XR_002637500.1	14
rna-XR_002637099.1	14
rna-XR_002638638.1	14
rna-XR_002637687.1	14
rna-XR_002637004.1	14
rna-XR_002634285.1	14
rna-XR_002637575.1	13
rna-XR_002636839.1	13
rna-XR_002639525.1	13
rna-XR_002635774.1	13
rna-XR_002634982.1	13
rna-XR_002638023.1	13
rna-XR_002637987.1	13
rna-XR_002634489.1	13
rna-XR_002639908.1	13
rna-XR_002635890.1	13
rna-XR_002637927.1	13
rna-XR_002634199.1	13
rna-XR_002635838.1	13
rna-XR_002636832.1	13
rna-XR_002637770.1	13
rna-XR_002633955.1	13
rna-XR_002635968.1	13
rna-XR_002635265.1	13
rna-XR_002639611.1	13
rna-XR_002637728.1	13
rna-XR_002639894.1	13
rna-XR_002635403.1	13
rna-XR_002634924.1	13
rna-XR_002635471.1	13
rna-XR_002639974.1	13
rna-XR_002639201.1	13
rna-XR_002633847.1	13
rna-XR_002639217.1	13
rna-XR_002636349.1	13
rna-XR_002634325.1	13
rna-XR_002635446.1	13
rna-XR_002638838.1	13
rna-XR_002634198.1	13
rna-XR_002639378.1	13
rna-XR_002634917.1	13
rna-XR_002638220.1	13
rna-XR_002638531.1	13
rna-XR_002634267.1	13
rna-XR_002636720.1	13
rna-XR_002639904.1	13
rna-XR_002637044.1	13
rna-XR_002634128.1	13
rna-XR_002634990.1	13
rna-XR_002638554.1	13
rna-XR_002634363.1	13
rna-XR_002639938.1	12
rna-XR_002639403.1	12
rna-XR_002639477.1	12
rna-XR_002636156.1	12
rna-XR_002635155.1	12
rna-XR_002637181.1	12
rna-XR_002635234.1	12
rna-XR_002636088.1	12
rna-XR_002634993.1	12
rna-XR_002639566.1	12
rna-XR_002638516.1	12
rna-XR_002635225.1	12
rna-XR_002635878.1	12
rna-XR_002639248.1	12
rna-XR_002634435.1	12
rna-XR_002634433.1	12
rna-XR_002638319.1	12
rna-XR_002638536.1	12
rna-XR_002636529.1	12
rna-XR_002636114.1	12
rna-XR_002636270.1	12
rna-XR_002639244.1	12
rna-XR_002636883.1	12
rna-XR_002639268.1	12
rna-XR_002638484.1	12
rna-XR_002638323.1	12
rna-XR_002635911.1	12
rna-XR_002636251.1	12
rna-XR_002639947.1	12
rna-XR_002637113.1	12
rna-XR_002638033.1	12
rna-XR_002635988.1	12
rna-XR_002637961.1	12
rna-XR_002637763.1	12
rna-XR_002637953.1	12
rna-XR_002639526.1	12
rna-XR_002634450.1	12
rna-XR_002638830.1	12
rna-XR_002639170.1	12
rna-XR_002635463.1	12
rna-XR_002635488.1	12
rna-XR_002634499.1	12
rna-XR_002638812.1	11
rna-XR_002639449.1	11
rna-XR_002637696.1	11
rna-XR_002638815.1	11
rna-XR_002640001.1	11
rna-XR_002635458.1	11
rna-XR_002638814.1	11
rna-XR_002635526.1	11
rna-XR_002638811.1	11
rna-XR_002638062.1	11
rna-XR_002638874.1	11
rna-XR_002637834.1	11
rna-XR_002637894.1	11
rna-XR_002638987.1	11
rna-XR_002635573.1	11
rna-XR_002637797.1	11
rna-XR_002639200.1	11
rna-XR_002638409.1	11
rna-XR_002635052.1	11
rna-XR_002637057.1	11
rna-XR_002635244.1	11
rna-XR_002639878.1	11
rna-XR_002635574.1	11
rna-XR_002636604.1	11
rna-XR_002636812.1	11
rna-XR_002634324.1	11
rna-XR_002639417.1	11
rna-XR_002637864.1	11
rna-XR_002636058.1	11
rna-XR_002634939.1	11
rna-XR_002635648.1	11
rna-XR_002637447.1	11
rna-XR_002635029.1	11
rna-XR_002636838.1	11
rna-XR_002638753.1	11
rna-XR_002635146.1	11
rna-XR_002636738.1	11
rna-XR_002639136.1	11
rna-XR_002634535.1	11
rna-XR_002635388.1	11
rna-XR_002635898.1	11
rna-XR_002638657.1	11
rna-XR_002635897.1	11
rna-XR_002635075.1	11
rna-XR_002639023.1	11
rna-XR_002636425.1	11
rna-XR_002639839.1	11
rna-XR_002636204.1	11
rna-XR_002639195.1	11
rna-XR_002638813.1	11
rna-XR_002637395.1	10
rna-XR_002636223.1	10
rna-XR_002633702.1	10
rna-XR_002633661.1	10
rna-XR_002639202.1	10
rna-XR_002635256.1	10
rna-XR_002636135.1	10
rna-XR_002634272.1	10
rna-XR_002636657.1	10
rna-XR_002636034.1	10
rna-XR_002636731.1	10
rna-XR_002635192.1	10
rna-XR_002634557.1	10
rna-XR_002636943.1	10
rna-XR_002639196.1	10
rna-XR_002635279.1	10
rna-XR_002633924.1	10
rna-XR_002639162.1	10
rna-XR_002639198.1	10
rna-XR_002637832.1	10
rna-XR_002636377.1	10
rna-XR_002635161.1	10
rna-XR_002640007.1	10
rna-XR_002637855.1	10
rna-XR_002639108.1	10
rna-XR_002636378.1	10
rna-XR_002637084.1	10
rna-XR_002636379.1	10
rna-XR_002636712.1	10
rna-XR_002637527.1	10
rna-XR_002636656.1	10
rna-XR_002635494.1	10
rna-XR_002635832.1	10
rna-XR_002637873.1	10
rna-XR_002637901.1	10
rna-XR_002637107.1	10
rna-XR_002637830.1	10
rna-XR_002636655.1	10
rna-XR_002635820.1	10
rna-XR_002638770.1	10
rna-XR_002637455.1	10
rna-XR_002636961.1	10
rna-XR_002639441.1	10
rna-XR_002633925.1	10
rna-XR_002639227.1	10
rna-XR_002633923.1	10
rna-XR_002637552.1	10
rna-XR_002636369.1	10
rna-XR_002638909.1	10
rna-XR_002637457.1	10
rna-XR_002633826.1	10
rna-XR_002635529.1	10
rna-XR_002635397.1	10
rna-XR_002636103.1	10
rna-XR_002638082.1	10
rna-XR_002637869.1	10
rna-XR_002636220.1	10
rna-XR_002634907.1	10
rna-XR_002636376.1	10
rna-XR_002636264.1	10
rna-XR_002636373.1	10
rna-XR_002635349.1	10
rna-XR_002633782.1	10
rna-XR_002636707.1	10
rna-XR_002636063.1	10
rna-XR_002634555.1	10
rna-XR_002636062.1	10
rna-XR_002636658.1	10
rna-XR_002636033.1	9
rna-XR_002633989.1	9
rna-XR_002637463.1	9
rna-XR_002638775.1	9
rna-XR_002634280.1	9
rna-XR_002635555.1	9
rna-XR_002638363.1	9
rna-XR_002635331.1	9
rna-XR_002639315.1	9
rna-XR_002635989.1	9
rna-XR_002634408.1	9
rna-XR_002634996.1	9
rna-XR_002634025.1	9
rna-XR_002638468.1	9
rna-XR_002636147.1	9
rna-XR_002639426.1	9
rna-XR_002638595.1	9
rna-XR_002634422.1	9
rna-XR_002638663.1	9
rna-XR_002639156.1	9
rna-XR_002634050.1	9
rna-XR_002633660.1	9
rna-XR_002634687.1	9
rna-XR_002636466.1	9
rna-XR_002634488.1	9
rna-XR_002634860.1	9
rna-XR_002635172.1	9
rna-XR_002636152.1	9
rna-XR_002635102.1	9
rna-XR_002638217.1	9
rna-XR_002638462.1	9
rna-XR_002635011.1	9
rna-XR_002638216.1	9
rna-XR_002635504.1	9
rna-XR_002636469.1	9
rna-XR_002637018.1	9
rna-XR_002634553.1	9
rna-XR_002638790.1	9
rna-XR_002634146.1	9
rna-XR_002633736.1	9
rna-XR_002636252.1	9
rna-XR_002637950.1	9
rna-XR_002637441.1	9
rna-XR_002633748.1	9
rna-XR_002636046.1	9
rna-XR_002636467.1	9
rna-XR_002637740.1	9
rna-XR_002638372.1	9
rna-XR_002633878.1	9
rna-XR_002638700.1	9
rna-XR_002639920.1	9
rna-XR_002636266.1	9
rna-XR_002635337.1	9
rna-XR_002636110.1	9
rna-XR_002638200.1	9
rna-XR_002638373.1	9
rna-XR_002635717.1	9
rna-XR_002638635.1	9
rna-XR_002634057.1	9
rna-XR_002638998.1	9
rna-XR_002634875.1	8
rna-XR_002639564.1	8
rna-XR_002635449.1	8
rna-XR_002635688.1	8
rna-XR_002637287.1	8
rna-XR_002638050.1	8
rna-XR_002639131.1	8
rna-XR_002634098.1	8
rna-XR_002633914.1	8
rna-XR_002634874.1	8
rna-XR_002635368.1	8
rna-XR_002635905.1	8
rna-XR_002637392.1	8
rna-XR_002635189.1	8
rna-XR_002637732.1	8
rna-XR_002639300.1	8
rna-XR_002639838.1	8
rna-XR_002634100.1	8
rna-XR_002639473.1	8
rna-XR_002636423.1	8
rna-XR_002634801.1	8
rna-XR_002634702.1	8
rna-XR_002636424.1	8
rna-XR_002639690.1	8
rna-XR_002635829.1	8
rna-XR_002634026.1	8
rna-XR_002635195.1	8
rna-XR_002637338.1	8
rna-XR_002637875.1	8
rna-XR_002638841.1	8
rna-XR_002639142.1	8
rna-XR_002639262.1	8
rna-XR_002633935.1	8
rna-XR_002637388.1	8
rna-XR_002637744.1	8
rna-XR_002634440.1	8
rna-XR_002635598.1	8
rna-XR_002636097.1	8
rna-XR_002638137.1	8
rna-XR_002639391.1	8
rna-XR_002639963.1	8
rna-XR_002633659.1	8
rna-XR_002638674.1	8
rna-XR_002637341.1	8
rna-XR_002633667.1	8
rna-XR_002636166.1	8
rna-XR_002638673.1	8
rna-XR_002635087.1	8
rna-XR_002636259.1	8
rna-XR_002634530.1	8
rna-XR_002638980.1	8
rna-XR_002635514.1	8
rna-XR_002635566.1	8
rna-XR_002637697.1	8
rna-XR_002636447.1	8
rna-XR_002637713.1	8
rna-XR_002638112.1	8
rna-XR_002638113.1	8
rna-XR_002636993.1	8
rna-XR_002634876.1	8
rna-XR_002633686.1	7
rna-XR_002636541.1	7
rna-XR_002639714.1	7
rna-XR_002637379.1	7
rna-XR_002633679.1	7
rna-XR_002633678.1	7
rna-XR_002635268.1	7
rna-XR_002633680.1	7
rna-XR_002638842.1	7
rna-XR_002638604.1	7
rna-XR_002636661.1	7
rna-XR_002636273.1	7
rna-XR_002637214.1	7
rna-XR_002633683.1	7
rna-XR_002638275.1	7
rna-XR_002635359.1	7
rna-XR_002638628.1	7
rna-XR_002636222.1	7
rna-XR_002636840.1	7
rna-XR_002639513.1	7
rna-XR_002635255.1	7
rna-XR_002638364.1	7
rna-XR_002639740.1	7
rna-XR_002638707.1	7
rna-XR_002639728.1	7
rna-XR_002635628.1	7
rna-XR_002638594.1	7
rna-XR_002633677.1	7
rna-XR_002635366.1	7
rna-XR_002636078.1	7
rna-XR_002633682.1	7
rna-XR_002634863.1	7
rna-XR_002637399.1	7
rna-XR_002634638.1	7
rna-XR_002636946.1	7
rna-XR_002635848.1	7
rna-XR_002639510.1	7
rna-XR_002634563.1	7
rna-XR_002638970.1	7
rna-XR_002635520.1	7
rna-XR_002636038.1	7
rna-XR_002640030.1	7
rna-XR_002635227.1	7
rna-XR_002639512.1	7
rna-XR_002635600.1	7
rna-XR_002633685.1	7
rna-XR_002638629.1	7
rna-XR_002635605.1	7
rna-XR_002638520.1	7
rna-XR_002639511.1	7
rna-XR_002636015.1	7
rna-XR_002636475.1	7
rna-XR_002637567.1	7
rna-XR_002638349.1	7
rna-XR_002635015.1	7
rna-XR_002637928.1	7
rna-XR_002636508.1	7
rna-XR_002639509.1	7
rna-XR_002639323.1	7
rna-XR_002637263.1	7
rna-XR_002636094.1	7
rna-XR_002635606.1	7
rna-XR_002639508.1	7
rna-XR_002633840.1	7
rna-XR_002639555.1	7
rna-XR_002640018.1	7
rna-XR_002638527.1	7
rna-XR_002634513.1	7
rna-XR_002633684.1	7
rna-XR_002634892.1	7
rna-XR_002638039.1	7
rna-XR_002637769.1	7
rna-XR_002636202.1	7
rna-XR_002633681.1	7
rna-XR_002639164.1	7
rna-XR_002634565.1	7
rna-XR_002638984.1	7
rna-XR_002633993.1	7
rna-XR_002633687.1	7
rna-XR_002635325.1	7
rna-XR_002639260.1	7
rna-XR_002635466.1	7
rna-XR_002634608.1	7
rna-XR_002640023.1	6
rna-XR_002638807.1	6
rna-XR_002637068.1	6
rna-XR_002638671.1	6
rna-XR_002634388.1	6
rna-XR_002637526.1	6
rna-XR_002635070.1	6
rna-XR_002640017.1	6
rna-XR_002637237.1	6
rna-XR_002633881.1	6
rna-XR_002637966.1	6
rna-XR_002638246.1	6
rna-XR_002635098.1	6
rna-XR_002639303.1	6
rna-XR_002639719.1	6
rna-XR_002634657.1	6
rna-XR_002639691.1	6
rna-XR_002639479.1	6
rna-XR_002635318.1	6
rna-XR_002637515.1	6
rna-XR_002639132.1	6
rna-XR_002639486.1	6
rna-XR_002638648.1	6
rna-XR_002636558.1	6
rna-XR_002638064.1	6
rna-XR_002638397.1	6
rna-XR_002638079.1	6
rna-XR_002635016.1	6
rna-XR_002636806.1	6
rna-XR_002636235.1	6
rna-XR_002634987.1	6
rna-XR_002637968.1	6
rna-XR_002637638.1	6
rna-XR_002638111.1	6
rna-XR_002638951.1	6
rna-XR_002638646.1	6
rna-XR_002634560.1	6
rna-XR_002638526.1	6
rna-XR_002637577.1	6
rna-XR_002635198.1	6
rna-XR_002634351.1	6
rna-XR_002636169.1	6
rna-XR_002636814.1	6
rna-XR_002635515.1	6
rna-XR_002637821.1	6
rna-XR_002639895.1	6
rna-XR_002637031.1	6
rna-XR_002638215.1	6
rna-XR_002635884.1	6
rna-XR_002634367.1	6
rna-XR_002636141.1	6
rna-XR_002635963.1	6
rna-XR_002639174.1	6
rna-XR_002639143.1	6
rna-XR_002635414.1	6
rna-XR_002636248.1	6
rna-XR_002639505.1	6
rna-XR_002638801.1	6
rna-XR_002640034.1	6
rna-XR_002638955.1	6
rna-XR_002635184.1	6
rna-XR_002637952.1	6
rna-XR_002638647.1	6
rna-XR_002637015.1	6
rna-XR_002636879.1	6
rna-XR_002639944.1	6
rna-XR_002634546.1	6
rna-XR_002636218.1	6
rna-XR_002639000.1	6
rna-XR_002636059.1	6
rna-XR_002634921.1	6
rna-XR_002636936.1	6
rna-XR_002638507.1	6
rna-XR_002637777.1	6
rna-XR_002634323.1	6
rna-XR_002634541.1	5
rna-XR_002637930.1	5
rna-XR_002638479.1	5
rna-XR_002633983.1	5
rna-XR_002633643.1	5
rna-XR_002634318.1	5
rna-XR_002637962.1	5
rna-XR_002636401.1	5
rna-XR_002639657.1	5
rna-XR_002634252.1	5
rna-XR_002635417.1	5
rna-XR_002637452.1	5
rna-XR_002635960.1	5
rna-XR_002637501.1	5
rna-XR_002637051.1	5
rna-XR_002634636.1	5
rna-XR_002634703.1	5
rna-XR_002636773.1	5
rna-XR_002637603.1	5
rna-XR_002637579.1	5
rna-XR_002636800.1	5
rna-XR_002635079.1	5
rna-XR_002636668.1	5
rna-XR_002639280.1	5
rna-XR_002636985.1	5
rna-XR_002633814.1	5
rna-XR_002636875.1	5
rna-XR_002639732.1	5
rna-XR_002635863.1	5
rna-XR_002636402.1	5
rna-XR_002636968.1	5
rna-XR_002634932.1	5
rna-XR_002635749.1	5
rna-XR_002634528.1	5
rna-XR_002638593.1	5
rna-XR_002633629.1	5
rna-XR_002635333.1	5
rna-XR_002639058.1	5
rna-XR_002636730.1	5
rna-XR_002639306.1	5
rna-XR_002635885.1	5
rna-XR_002636230.1	5
rna-XR_002636545.1	5
rna-XR_002633815.1	5
rna-XR_002640029.1	5
rna-XR_002637185.1	5
rna-XR_002636463.1	5
rna-XR_002639211.1	5
rna-XR_002636172.1	5
rna-XR_002635215.1	5
rna-XR_002635917.1	5
rna-XR_002636403.1	5
rna-XR_002638452.1	5
rna-XR_002636461.1	5
rna-XR_002637997.1	5
rna-XR_002634192.1	5
rna-XR_002633990.1	5
rna-XR_002639604.1	5
rna-XR_002637965.1	5
rna-XR_002636406.1	5
rna-XR_002635955.1	5
rna-XR_002637075.1	5
rna-XR_002638769.1	5
rna-XR_002635327.1	5
rna-XR_002634131.1	5
rna-XR_002639054.1	5
rna-XR_002636404.1	5
rna-XR_002636598.1	5
rna-XR_002635130.1	5
rna-XR_002639424.1	5
rna-XR_002638669.1	5
rna-XR_002639739.1	5
rna-XR_002638016.1	5
rna-XR_002635127.1	5
rna-XR_002636924.1	5
rna-XR_002637551.1	5
rna-XR_002635812.1	5
rna-XR_002637570.1	5
rna-XR_002634866.1	5
rna-XR_002637285.1	5
rna-XR_002636106.1	5
rna-XR_002637406.1	5
rna-XR_002636056.1	5
rna-XR_002637253.1	5
rna-XR_002637751.1	5
rna-XR_002637672.1	5
rna-XR_002633663.1	5
rna-XR_002635938.1	5
rna-XR_002634316.1	5
rna-XR_002636277.1	5
rna-XR_002636144.1	5
rna-XR_002638824.1	5
rna-XR_002633817.1	5
rna-XR_002635704.1	5
rna-XR_002635927.1	5
rna-XR_002639249.1	5
rna-XR_002635811.1	5
rna-XR_002639433.1	4
rna-XR_002634931.1	4
rna-XR_002634542.1	4
rna-XR_002634989.1	4
rna-XR_002638104.1	4
rna-XR_002637800.1	4
rna-XR_002634884.1	4
rna-XR_002635061.1	4
rna-XR_002635957.1	4
rna-XR_002635059.1	4
rna-XR_002639830.1	4
rna-XR_002636983.1	4
rna-XR_002635498.1	4
rna-XR_002634991.1	4
rna-XR_002638867.1	4
rna-XR_002638831.1	4
rna-XR_002635288.1	4
rna-XR_002633671.1	4
rna-XR_002634507.1	4
rna-XR_002639212.1	4
rna-XR_002639826.1	4
rna-XR_002639024.1	4
rna-XR_002639032.1	4
rna-XR_002638136.1	4
rna-XR_002639983.1	4
rna-XR_002637247.1	4
rna-XR_002637805.1	4
rna-XR_002636739.1	4
rna-XR_002636622.1	4
rna-XR_002634279.1	4
rna-XR_002637303.1	4
rna-XR_002636275.1	4
rna-XR_002634929.1	4
rna-XR_002638221.1	4
rna-XR_002638148.1	4
rna-XR_002634618.1	4
rna-XR_002635041.1	4
rna-XR_002636990.1	4
rna-XR_002634509.1	4
rna-XR_002638548.1	4
rna-XR_002636389.1	4
rna-XR_002634352.1	4
rna-XR_002636650.1	4
rna-XR_002638921.1	4
rna-XR_002636285.1	4
rna-XR_002634121.1	4
rna-XR_002634648.1	4
rna-XR_002638222.1	4
rna-XR_002635564.1	4
rna-XR_002635873.1	4
rna-XR_002636547.1	4
rna-XR_002638642.1	4
rna-XR_002633927.1	4
rna-XR_002634930.1	4
rna-XR_002635937.1	4
rna-XR_002638080.1	4
rna-XR_002635389.1	4
rna-XR_002637431.1	4
rna-XR_002638560.1	4
rna-XR_002639562.1	4
rna-XR_002637204.1	4
rna-XR_002638434.1	4
rna-XR_002633793.1	4
rna-XR_002635956.1	4
rna-XR_002639593.1	4
rna-XR_002637691.1	4
rna-XR_002637382.1	4
rna-XR_002639093.1	4
rna-XR_002635398.1	4
rna-XR_002635528.1	4
rna-XR_002635497.1	4
rna-XR_002633674.1	4
rna-XR_002635552.1	4
rna-XR_002634844.1	4
rna-XR_002634812.1	4
rna-XR_002637817.1	4
rna-XR_002638780.1	4
rna-XR_002637063.1	4
rna-XR_002638367.1	4
rna-XR_002638918.1	4
rna-XR_002636942.1	4
rna-XR_002636920.1	4
rna-XR_002638141.1	4
rna-XR_002637605.1	4
rna-XR_002638309.1	4
rna-XR_002638828.1	4
rna-XR_002637021.1	4
rna-XR_002636407.1	4
rna-XR_002639177.1	4
rna-XR_002639470.1	4
rna-XR_002635063.1	4
rna-XR_002638917.1	4
rna-XR_002634148.1	4
rna-XR_002635369.1	4
rna-XR_002636119.1	4
rna-XR_002639948.1	4
rna-XR_002638134.1	4
rna-XR_002637160.1	4
rna-XR_002638782.1	4
rna-XR_002636981.1	4
rna-XR_002637080.1	4
rna-XR_002637690.1	4
rna-XR_002633797.1	4
rna-XR_002638404.1	4
rna-XR_002634329.1	4
rna-XR_002635469.1	4
rna-XR_002636982.1	4
rna-XR_002637147.1	4
rna-XR_002635363.1	4
rna-XR_002636186.1	4
rna-XR_002639383.1	4
rna-XR_002635209.1	4
rna-XR_002635125.1	4
rna-XR_002634668.1	4
rna-XR_002637889.1	4
rna-XR_002634769.1	4
rna-XR_002635239.1	3
rna-XR_002637758.1	3
rna-XR_002636577.1	3
rna-XR_002639521.1	3
rna-XR_002635177.1	3
rna-XR_002638078.1	3
rna-XR_002638933.1	3
rna-XR_002636245.1	3
rna-XR_002639104.1	3
rna-XR_002638992.1	3
rna-XR_002635033.1	3
rna-XR_002638599.1	3
rna-XR_002637868.1	3
rna-XR_002636148.1	3
rna-XR_002637096.1	3
rna-XR_002634779.1	3
rna-XR_002636317.1	3
rna-XR_002638993.1	3
rna-XR_002636521.1	3
rna-XR_002634745.1	3
rna-XR_002639588.1	3
rna-XR_002634653.1	3
rna-XR_002636043.1	3
rna-XR_002634406.1	3
rna-XR_002639176.1	3
rna-XR_002633802.1	3
rna-XR_002639319.1	3
rna-XR_002638654.1	3
rna-XR_002639272.1	3
rna-XR_002634194.1	3
rna-XR_002636233.1	3
rna-XR_002637112.1	3
rna-XR_002634704.1	3
rna-XR_002636213.1	3
rna-XR_002635121.1	3
rna-XR_002638683.1	3
rna-XR_002638939.1	3
rna-XR_002636212.1	3
rna-XR_002636885.1	3
rna-XR_002636768.1	3
rna-XR_002635178.1	3
rna-XR_002635126.1	3
rna-XR_002635951.1	3
rna-XR_002635370.1	3
rna-XR_002638924.1	3
rna-XR_002636316.1	3
rna-XR_002637241.1	3
rna-XR_002636421.1	3
rna-XR_002638115.1	3
rna-XR_002639251.1	3
rna-XR_002637294.1	3
rna-XR_002633819.1	3
rna-XR_002638712.1	3
rna-XR_002635746.1	3
rna-XR_002638816.1	3
rna-XR_002637451.1	3
rna-XR_002637040.1	3
rna-XR_002638684.1	3
rna-XR_002637762.1	3
rna-XR_002635324.1	3
rna-XR_002638751.1	3
rna-XR_002637759.1	3
rna-XR_002633941.1	3
rna-XR_002638994.1	3
rna-XR_002636006.1	3
rna-XR_002634082.1	3
rna-XR_002639095.1	3
rna-XR_002638051.1	3
rna-XR_002637041.1	3
rna-XR_002635657.1	3
rna-XR_002638693.1	3
rna-XR_002636584.1	3
rna-XR_002635936.1	3
rna-XR_002635405.1	3
rna-XR_002635789.1	3
rna-XR_002637283.1	3
rna-XR_002634864.1	3
rna-XR_002638086.1	3
rna-XR_002638411.1	3
rna-XR_002636550.1	3
rna-XR_002640019.1	3
rna-XR_002636455.1	3
rna-XR_002637043.1	3
rna-XR_002633951.1	3
rna-XR_002635539.1	3
rna-XR_002636579.1	3
rna-XR_002639077.1	3
rna-XR_002639731.1	3
rna-XR_002634449.1	3
rna-XR_002637042.1	3
rna-XR_002639481.1	3
rna-XR_002639558.1	3
rna-XR_002634650.1	3
rna-XR_002636753.1	3
rna-XR_002635847.1	3
rna-XR_002635745.1	3
rna-XR_002637340.1	3
rna-XR_002634343.1	3
rna-XR_002638036.1	3
rna-XR_002634818.1	3
rna-XR_002637271.1	3
rna-XR_002636770.1	3
rna-XR_002636845.1	3
rna-XR_002639335.1	3
rna-XR_002638995.1	3
rna-XR_002636941.1	3
rna-XR_002637742.1	3
rna-XR_002639652.1	3
rna-XR_002639276.1	3
rna-XR_002634659.1	3
rna-XR_002639949.1	3
rna-XR_002633620.1	3
rna-XR_002638344.1	3
rna-XR_002636107.1	3
rna-XR_002636851.1	3
rna-XR_002637032.1	3
rna-XR_002636578.1	3
rna-XR_002639709.1	3
rna-XR_002636754.1	3
rna-XR_002635683.1	3
rna-XR_002634763.1	3
rna-XR_002639757.1	3
rna-XR_002635312.1	3
rna-XR_002639595.1	3
rna-XR_002640020.1	3
rna-XR_002635491.1	3
rna-XR_002637529.1	2
rna-XR_002636051.1	2
rna-XR_002636151.1	2
rna-XR_002635762.1	2
rna-XR_002639329.1	2
rna-XR_002635761.1	2
rna-XR_002633872.1	2
rna-XR_002636101.1	2
rna-XR_002639561.1	2
rna-XR_002635797.1	2
rna-XR_002636443.1	2
rna-XR_002635492.1	2
rna-XR_002638708.1	2
rna-XR_002638464.1	2
rna-XR_002637409.1	2
rna-XR_002637913.1	2
rna-XR_002635202.1	2
rna-XR_002637754.1	2
rna-XR_002633669.1	2
rna-XR_002635738.1	2
rna-XR_002638670.1	2
rna-XR_002637976.1	2
rna-XR_002637033.1	2
rna-XR_002635124.1	2
rna-XR_002635805.1	2
rna-XR_002635855.1	2
rna-XR_002638453.1	2
rna-XR_002639092.1	2
rna-XR_002635074.1	2
rna-XR_002639860.1	2
rna-XR_002639898.1	2
rna-XR_002638014.1	2
rna-XR_002639163.1	2
rna-XR_002638472.1	2
rna-XR_002638914.1	2
rna-XR_002637598.1	2
rna-XR_002636052.1	2
rna-XR_002634073.1	2
rna-XR_002637904.1	2
rna-XR_002634214.1	2
rna-XR_002638396.1	2
rna-XR_002634425.1	2
rna-XR_002634700.1	2
rna-XR_002637405.1	2
rna-XR_002635817.1	2
rna-XR_002636195.1	2
rna-XR_002637808.1	2
rna-XR_002635302.1	2
rna-XR_002636732.1	2
rna-XR_002636098.1	2
rna-XR_002636053.1	2
rna-XR_002639559.1	2
rna-XR_002636907.1	2
rna-XR_002634685.1	2
rna-XR_002637591.1	2
rna-XR_002636539.1	2
rna-XR_002638894.1	2
rna-XR_002637641.1	2
rna-XR_002636054.1	2
rna-XR_002636231.1	2
rna-XR_002638598.1	2
rna-XR_002634317.1	2
rna-XR_002635740.1	2
rna-XR_002637155.1	2
rna-XR_002633824.1	2
rna-XR_002635123.1	2
rna-XR_002634308.1	2
rna-XR_002638515.1	2
rna-XR_002635342.1	2
rna-XR_002639775.1	2
rna-XR_002636555.1	2
rna-XR_002636913.1	2
rna-XR_002634426.1	2
rna-XR_002638651.1	2
rna-XR_002634502.1	2
rna-XR_002639900.1	2
rna-XR_002639609.1	2
rna-XR_002634378.1	2
rna-XR_002636055.1	2
rna-XR_002636205.1	2
rna-XR_002633880.1	2
rna-XR_002639941.1	2
rna-XR_002636519.1	2
rna-XR_002633870.1	2
rna-XR_002637874.1	2
rna-XR_002635739.1	2
rna-XR_002637775.1	2
rna-XR_002638292.1	2
rna-XR_002636249.1	2
rna-XR_002636820.1	2
rna-XR_002637205.1	2
rna-XR_002637401.1	2
rna-XR_002636709.1	2
rna-XR_002634610.1	2
rna-XR_002633905.1	2
rna-XR_002634871.1	2
rna-XR_002634800.1	2
rna-XR_002637761.1	2
rna-XR_002638143.1	2
rna-XR_002635902.1	2
rna-XR_002637355.1	2
rna-XR_002633801.1	2
rna-XR_002638890.1	2
rna-XR_002639344.1	2
rna-XR_002636044.1	2
rna-XR_002635985.1	2
rna-XR_002636268.1	2
rna-XR_002634048.1	2
rna-XR_002636132.1	2
rna-XR_002639897.1	2
rna-XR_002634506.1	2
rna-XR_002634357.1	2
rna-XR_002636621.1	2
rna-XR_002636049.1	2
rna-XR_002635651.1	2
rna-XR_002634949.1	2
rna-XR_002638963.1	2
rna-XR_002636306.1	2
rna-XR_002636960.1	2
rna-XR_002639903.1	2
rna-XR_002639387.1	2
rna-XR_002639672.1	2
rna-XR_002637161.1	2
rna-XR_002634474.1	2
rna-XR_002633808.1	2
rna-XR_002637403.1	2
rna-XR_002638656.1	2
rna-XR_002639083.1	2
rna-XR_002637009.1	2
rna-XR_002637612.1	2
rna-XR_002637783.1	2
rna-XR_002636388.1	2
rna-XR_002639325.1	2
rna-XR_002636849.1	2
rna-XR_002634448.1	2
rna-XR_002635289.1	2
rna-XR_002636634.1	2
rna-XR_002639140.1	2
rna-XR_002637779.1	2
rna-XR_002636375.1	2
rna-XR_002633823.1	2
rna-XR_002634677.1	2
rna-XR_002636017.1	2
rna-XR_002639896.1	2
rna-XR_002633871.1	2
rna-XR_002635356.1	2
rna-XR_002639322.1	2
rna-XR_002639507.1	2
rna-XR_002637784.1	2
rna-XR_002636226.1	2
rna-XR_002635486.1	2
rna-XR_002634518.1	2
rna-XR_002636478.1	2
rna-XR_002638791.1	2
rna-XR_002636887.1	2
rna-XR_002634480.1	2
rna-XR_002634869.1	2
rna-XR_002634808.1	2
rna-XR_002635993.1	2
rna-XR_002635599.1	2
rna-XR_002639766.1	2
rna-XR_002635698.1	2
rna-XR_002638672.1	2
rna-XR_002637849.1	2
rna-XR_002634147.1	2
rna-XR_002636126.1	2
rna-XR_002636104.1	2
rna-XR_002634568.1	2
rna-XR_002636442.1	2
rna-XR_002638662.1	2
rna-XR_002639901.1	2
rna-XR_002636018.1	2
rna-XR_002639576.1	2
rna-XR_002639560.1	2
rna-XR_002637039.1	2
rna-XR_002639421.1	2
rna-XR_002634478.1	2
rna-XR_002639277.1	2
rna-XR_002636137.1	2
rna-XR_002635456.1	2
rna-XR_002633898.1	2
rna-XR_002635908.1	2
rna-XR_002635406.1	2
rna-XR_002637790.1	2
rna-XR_002633799.1	2
rna-XR_002635686.1	2
rna-XR_002639584.1	2
rna-XR_002633892.1	2
rna-XR_002633647.1	2
rna-XR_002638929.1	2
rna-XR_002638244.1	2
rna-XR_002638450.1	2
rna-XR_002637749.1	2
rna-XR_002638258.1	2
rna-XR_002636001.1	2
rna-XR_002637750.1	2
rna-XR_002636307.1	2
rna-XR_002637383.1	2
rna-XR_002638752.1	2
rna-XR_002638060.1	2
rna-XR_002638887.1	2
rna-XR_002636556.1	2
rna-XR_002637760.1	2
rna-XR_002633952.1	2
rna-XR_002639597.1	2
rna-XR_002635554.1	2
rna-XR_002638825.1	2
rna-XR_002633818.1	1
rna-XR_002639356.1	1
rna-XR_002639995.1	1
rna-XR_002637337.1	1
rna-XR_002635703.1	1
rna-XR_002637425.1	1
rna-XR_002637767.1	1
rna-XR_002635364.1	1
rna-XR_002634815.1	1
rna-XR_002635367.1	1
rna-XR_002638387.1	1
rna-XR_002634833.1	1
rna-XR_002639286.1	1
rna-XR_002636594.1	1
rna-XR_002637671.1	1
rna-XR_002639165.1	1
rna-XR_002635461.1	1
rna-XR_002637711.1	1
rna-XR_002637883.1	1
rna-XR_002638334.1	1
rna-XR_002634097.1	1
rna-XR_002634732.1	1
rna-XR_002634670.1	1
rna-XR_002636068.1	1
rna-XR_002635141.1	1
rna-XR_002637037.1	1
rna-XR_002635330.1	1
rna-XR_002637819.1	1
rna-XR_002639888.1	1
rna-XR_002638747.1	1
rna-XR_002639207.1	1
rna-XR_002639602.1	1
rna-XR_002634705.1	1
rna-XR_002639610.1	1
rna-XR_002636582.1	1
rna-XR_002633845.1	1
rna-XR_002636729.1	1
rna-XR_002635420.1	1
rna-XR_002635772.1	1
rna-XR_002636100.1	1
rna-XR_002635916.1	1
rna-XR_002638611.1	1
rna-XR_002638517.1	1
rna-XR_002635535.1	1
rna-XR_002634995.1	1
rna-XR_002635592.1	1
rna-XR_002633776.1	1
rna-XR_002636099.1	1
rna-XR_002634981.1	1
rna-XR_002636495.1	1
rna-XR_002636476.1	1
rna-XR_002637774.1	1
rna-XR_002638727.1	1
rna-XR_002638985.1	1
rna-XR_002636744.1	1
rna-XR_002635751.1	1
rna-XR_002639152.1	1
rna-XR_002636733.1	1
rna-XR_002634401.1	1
rna-XR_002639551.1	1
rna-XR_002633627.1	1
rna-XR_002637815.1	1
rna-XR_002635391.1	1
rna-XR_002634734.1	1
rna-XR_002633673.1	1
rna-XR_002637067.1	1
rna-XR_002636945.1	1
rna-XR_002639256.1	1
rna-XR_002637911.1	1
rna-XR_002636711.1	1
rna-XR_002634430.1	1
rna-XR_002637648.1	1
rna-XR_002637212.1	1
rna-XR_002639763.1	1
rna-XR_002634493.1	1
rna-XR_002640015.1	1
rna-XR_002637695.1	1
rna-XR_002636228.1	1
rna-XR_002634457.1	1
rna-XR_002639902.1	1
rna-XR_002639255.1	1
rna-XR_002637590.1	1
rna-XR_002638940.1	1
rna-XR_002638540.1	1
rna-XR_002635653.1	1
rna-XR_002637960.1	1
rna-XR_002638047.1	1
rna-XR_002633891.1	1
rna-XR_002637424.1	1
rna-XR_002636930.1	1
rna-XR_002634955.1	1
rna-XR_002636164.1	1
rna-XR_002639827.1	1
rna-XR_002635537.1	1
rna-XR_002636690.1	1
rna-XR_002637724.1	1
rna-XR_002635047.1	1
rna-XR_002634479.1	1
rna-XR_002636128.1	1
rna-XR_002636007.1	1
rna-XR_002633921.1	1
rna-XR_002634978.1	1
rna-XR_002634985.1	1
rna-XR_002635361.1	1
rna-XR_002637166.1	1
rna-XR_002634122.1	1
rna-XR_002634515.1	1
rna-XR_002634396.1	1
rna-XR_002635219.1	1
rna-XR_002635264.1	1
rna-XR_002638500.1	1
rna-XR_002639679.1	1
rna-XR_002635521.1	1
rna-XR_002637005.1	1
rna-XR_002638999.1	1
rna-XR_002636595.1	1
rna-XR_002637206.1	1
rna-XR_002637802.1	1
rna-XR_002634431.1	1
rna-XR_002635980.1	1
rna-XR_002634678.1	1
rna-XR_002633945.1	1
rna-XR_002639218.1	1
rna-XR_002637127.1	1
rna-XR_002634266.1	1
rna-XR_002636291.1	1
rna-XR_002635901.1	1
rna-XR_002637065.1	1
rna-XR_002636980.1	1
rna-XR_002635287.1	1
rna-XR_002637479.1	1
rna-XR_002635824.1	1
rna-XR_002638547.1	1
rna-XR_002635347.1	1
rna-XR_002634427.1	1
rna-XR_002639180.1	1
rna-XR_002636863.1	1
rna-XR_002634274.1	1
rna-XR_002638401.1	1
rna-XR_002634909.1	1
rna-XR_002637722.1	1
rna-XR_002638470.1	1
rna-XR_002635591.1	1
rna-XR_002634918.1	1
rna-XR_002639223.1	1
rna-XR_002639021.1	1
rna-XR_002634562.1	1
rna-XR_002638585.1	1
rna-XR_002635499.1	1
rna-XR_002636688.1	1
rna-XR_002637780.1	1
rna-XR_002633784.1	1
rna-XR_002636308.1	1
rna-XR_002639773.1	1
rna-XR_002634673.1	1
rna-XR_002635713.1	1
rna-XR_002633761.1	1
rna-XR_002639536.1	1
rna-XR_002637606.1	1
rna-XR_002637047.1	1
rna-XR_002635752.1	1
rna-XR_002634730.1	1
rna-XR_002639527.1	1
rna-XR_002636515.1	1
rna-XR_002634442.1	1
rna-XR_002638256.1	1
rna-XR_002638709.1	1
rna-XR_002636366.1	1
rna-XR_002637801.1	1
rna-XR_002633933.1	1
rna-XR_002635536.1	1
rna-XR_002635808.1	1
rna-XR_002634694.1	1
rna-XR_002638052.1	1
rna-XR_002639037.1	1
rna-XR_002635328.1	1
rna-XR_002636719.1	1
rna-XR_002634772.1	1
rna-XR_002637098.1	1
rna-XR_002638895.1	1
rna-XR_002637117.1	1
rna-XR_002636028.1	1
rna-XR_002638133.1	1
rna-XR_002634428.1	1
rna-XR_002634684.1	1
rna-XR_002637811.1	1
rna-XR_002639328.1	1
rna-XR_002634587.1	1
rna-XR_002634385.1	1
rna-XR_002635877.1	1
rna-XR_002637795.1	1
rna-XR_002633670.1	1
rna-XR_002636691.1	1
rna-XR_002638578.1	1
rna-XR_002638005.1	1
rna-XR_002635587.1	1
rna-XR_002638490.1	1
rna-XR_002638875.1	1
rna-XR_002638597.1	1
rna-XR_002636821.1	1
rna-XR_002634368.1	1
rna-XR_002636975.1	1
rna-XR_002633987.1	1
rna-XR_002635835.1	1
rna-XR_002634831.1	1
rna-XR_002637792.1	1
rna-XR_002634444.1	1
rna-XR_002636460.1	1
rna-XR_002638544.1	1
rna-XR_002637656.1	1
rna-XR_002637137.1	1
rna-XR_002638613.1	1
rna-XR_002634142.1	1
rna-XR_002637812.1	1
rna-XR_002638826.1	1
rna-XR_002637876.1	1
rna-XR_002634693.1	1
rna-XR_002634419.1	1
rna-XR_002639346.1	1
rna-XR_002634140.1	1
rna-XR_002638042.1	1
rna-XR_002635842.1	1
rna-XR_002637210.1	1
rna-XR_002635903.1	1
rna-XR_002635269.1	1
rna-XR_002639228.1	1
rna-XR_002637828.1	1
rna-XR_002635821.1	1
rna-XR_002635756.1	1
rna-XR_002634141.1	1
rna-XR_002635973.1	1
rna-XR_002639042.1	1
rna-XR_002634033.1	1
rna-XR_002639380.1	1
rna-XR_002635453.1	1
rna-XR_002636207.1	1
rna-XR_002636089.1	1
rna-XR_002638846.1	1
rna-XR_002636949.1	1
rna-XR_002635970.1	1
rna-XR_002638056.1	1
rna-XR_002635823.1	1
rna-XR_002638556.1	1
rna-XR_002634189.1	1
rna-XR_002634787.1	1
rna-XR_002635186.1	1
rna-XR_002635616.1	1
rna-XR_002638305.1	1
rna-XR_002634873.1	1
rna-XR_002635596.1	1
rna-XR_002636392.1	1
rna-XR_002639841.1	1
rna-XR_002637484.1	1
rna-XR_002636976.1	1
rna-XR_002638444.1	1
rna-XR_002635223.1	1
rna-XR_002636352.1	1
rna-XR_002635103.1	1
rna-XR_002638456.1	1
rna-XR_002634061.1	1
rna-XR_002639585.1	1
rna-XR_002640040.1	1
rna-XR_002636612.1	1
rna-XR_002633899.1	1
rna-XR_002635334.1	1
rna-XR_002639085.1	1
rna-XR_002638008.1	1
rna-XR_002637148.1	1
rna-XR_002637027.1	1
rna-XR_002640012.1	1
rna-XR_002637456.1	1
rna-XR_002639694.1	1
rna-XR_002635593.1	1
rna-XR_002635633.1	1
rna-XR_002639385.1	1
rna-XR_002636024.1	1
rna-XR_002634366.1	1
rna-XR_002633753.1	1
rna-XR_002639864.1	1
rna-XR_002635271.1	1
rna-XR_002634429.1	1
rna-XR_002638046.1	1
rna-XR_002639379.1	1
rna-XR_002634701.1	1
rna-XR_002639855.1	1
rna-XR_002638445.1	1
rna-XR_002639291.1	1
rna-XR_002639523.1	1
rna-XR_002633844.1	1
rna-XR_002634402.1	1
rna-XR_002637937.1	1
rna-XR_002639153.1	1
rna-XR_002636091.1	1
rna-XR_002635590.1	1
rna-XR_002637546.1	1
rna-XR_002638686.1	1
rna-XR_002633711.1	1
rna-XR_002636294.1	1
rna-XR_002636605.1	1
rna-XR_002635732.1	1
rna-XR_002639472.1	1
rna-XR_002639181.1	1
rna-XR_002638923.1	1
rna-XR_002637048.1	1
rna-XR_002635617.1	1
rna-XR_002636855.1	1
rna-XR_002635076.1	1
